,date,AAOI,AAPL,ABM,ACEV,ACEVU,ACIW,ACLS,ACMR,ACVA,ACY,ADBE,ADI,ADSK,ADTH,ADV,AER,AEYE,AFRM,AGIL,AGMH,AGYS,AI,AIP,AIRG,ALGM,ALIT,ALKT,ALOT,ALRM,ALTG,ALTR,AMBA,AMD,AMKR,AMPL,AMST,AMSWA,AMWL,ANET,ANGI,ANSS,ANTE,AOSL,APCX,API,APP,APPF,APPN,ARNC,ARRY,ARW,ASAN,ASGN,ASML,ASUR,ASX,ASYS,ATEN,ATHM,ATKR,ATOM,ATVI,AUGX,AUID,AUR,AUUD,AVCT,AVDX,AVGO,AVGOP,AVID,AVT,AVYA,AWRE,AXTI,AYX,AZPN,BAND,BASE,BBAI,BBSI,BCOV,BDR,BEAT,BEEM,BGSF,BHE,BIDU,BIGC,BILI,BILL,BKI,BKKT,BKTI,BL
0,20220218  09:30:00,4.36,169.015,43.82,10.01,10.235,33.735,69.3,82.07,12.34,4.63,452.195,160.63,225.7,6.55,7.85,66.775,5.735,37.86,4.755,1.63,39.74,22.105,16.09,9.38,28.17,10.795,15.24,14.43,70.485,13.065,60.82,141.23,113.46,23.965,18.775,0.6965,20.765,3.985,128.195,6.475,311.515,1.555,53.72,1.45,9.39,65.06,115.66,54.935,31.49,9.3,126.045,67.835,108.685,653.105,7.045,7.485,9.735,13.1,27.975,106.365,17.69,81.455,2.965,5.72,5.48,1.74,1.085,10.595,580.29,1815.51,31.01,41.5,14.12,3.6,7.72,58.825,141.705,53.69,21.505,5.105,60.965,7.71,0.4775,1.69,14.455,14.18,25.64,161.215,26.315,34.365,236.655,57.22,5.895,2.415,75.04
1,20220218  10:00:00,4.385,168.055,43.35,10.005,10.235,33.33,67.805,79.34,12.33,4.57,446.39,159.405,220.605,6.375,7.79,66.15,5.755,36.435,4.655,1.615,39.02,21.2,15.71,9.405,27.685,10.595,15.06,14.145,69.65,13.1,59.81,137.765,111.14,23.465,19.045,0.7025,20.475,3.865,126.685,6.335,307.28,1.57,52.35,1.395,8.985,65.83,113.71,52.99,31.885,9.145,124.475,63.91,108.13,647.695,7.105,7.445,9.89,13.125,27.42,104.65,17.065,81.385,2.86,5.665,5.115,1.64,1.055,9.95,576.645,1804.44,30.295,41.18,13.835,3.59,7.48,55.94,141.29,52.14,20.94,5.025,61.5,7.63,0.4725,1.635,13.88,14.17,25.425,159.44,25.295,32.725,229.46,57.21,5.64,2.425,73.445
2,20220218  11:00:00,4.37,167.295,42.935,10.02,10.235,33.15,67.475,79.51,12.38,4.16,447.215,159.12,219.45,6.465,7.84,65.16,5.755,36.575,4.625,1.585,38.495,21.05,15.24,9.39,27.635,10.605,15.055,14.25,69.33,12.87,59.165,136.415,111.115,23.41,18.505,0.6975,20.37,3.875,126.545,6.405,303.52,1.56,52.2,1.315,8.9,64.04,113.345,53.74,31.635,9.105,122.93,64.505,106.89,644.245,7.085,7.385,9.815,12.97,27.255,104.345,17.245,81.055,2.735,5.67,5.125,1.65,1.035,9.88,574.8,1798.765,30.165,40.82,13.595,3.445,7.48,55.44,141.315,51.15,20.955,5.035,61.215,7.61,0.4722,1.635,13.74,14.29,25.375,159.105,25.34,33.275,228.565,56.38,5.495,2.415,72.525
3,20220218  12:00:00,4.41,166.665,42.97,10.015,10.235,33.3,67.42,79.455,12.47,4.115,445.37,159.14,217.505,6.475,7.87,65.63,5.785,36.285,4.6,1.58,38.975,20.895,15.12,9.37,27.65,10.565,15.0,14.255,69.215,12.95,58.8,134.925,111.225,23.4,19.485,0.7075,20.28,3.855,126.2,6.445,300.91,1.525,52.49,1.325,8.795,63.94,112.865,53.9,31.475,9.065,123.215,63.27,107.505,646.995,7.11,7.405,9.81,12.925,27.165,104.955,17.275,81.075,2.735,5.67,5.125,1.665,1.025,9.93,574.305,1797.56,30.52,40.815,13.695,3.415,7.44,55.09,141.375,50.935,20.75,5.02,61.32,7.605,0.4752,1.64,13.435,14.305,25.455,157.83,24.83,33.305,225.415,56.31,5.355,2.405,72.605
4,20220218  13:00:00,4.515,167.075,43.12,10.02,10.235,33.38,67.69,79.87,12.51,4.175,446.945,160.07,218.595,6.44,7.87,65.755,5.83,36.92,4.605,1.61,39.28,21.295,15.105,9.35,27.785,10.615,15.09,14.46,69.435,13.025,58.88,135.65,112.555,23.44,19.545,0.71,20.295,3.885,126.315,6.455,301.79,1.5,52.73,1.305,8.97,64.075,114.26,55.63,31.825,9.015,123.815,62.7,107.94,647.825,7.135,7.425,9.92,13.01,27.33,105.64,17.535,81.005,2.785,5.645,5.155,1.66,1.025,9.715,577.275,1806.335,30.65,41.09,13.74,3.435,7.5,55.16,141.375,51.2,20.545,5.03,60.84,7.53,0.4752,1.62,13.475,14.345,25.55,158.06,25.115,33.41,225.585,56.145,5.315,2.395,73.14
5,20220218  14:00:00,4.53,168.295,43.26,10.02,10.235,33.415,68.52,81.015,12.825,4.195,447.05,162.035,218.975,6.44,7.89,65.88,5.88,37.24,4.6,1.61,39.185,21.44,15.095,9.405,28.205,10.675,14.975,14.36,69.665,13.035,59.175,137.47,115.145,23.795,19.955,0.71,20.305,3.905,127.42,6.535,302.915,1.5,53.785,1.34,8.955,64.4,114.21,56.795,32.46,9.12,124.665,64.01,108.62,656.18,7.19,7.495,9.97,13.165,27.39,106.105,17.745,81.205,2.675,5.595,5.345,1.67,1.045,10.02,586.17,1833.265,30.875,41.43,13.975,3.425,7.555,55.135,142.425,51.14,20.74,5.025,60.835,7.605,0.4752,1.655,13.56,14.295,25.585,158.885,25.58,34.11,226.01,56.495,5.495,2.525,73.175
6,20220218  15:00:00,4.38,167.485,43.435,10.015,10.235,33.04,67.51,79.14,12.665,4.115,442.465,160.42,216.82,6.435,7.835,65.765,5.805,37.36,4.6,1.605,39.045,21.18,15.08,9.355,27.865,10.555,14.86,14.37,68.865,12.965,58.665,134.89,113.86,23.455,20.63,0.7101,20.305,3.865,125.9,6.615,299.585,1.495,52.98,1.29,8.925,63.765,113.285,55.655,32.245,8.985,123.745,63.055,107.375,648.2,7.21,7.425,9.91,12.975,27.265,105.155,17.335,81.09,2.475,5.665,5.28,1.66,1.035,9.825,579.785,1814.21,30.57,41.27,13.865,3.465,7.455,54.19,142.875,51.435,20.49,5.075,60.635,7.465,0.475,1.63,13.445,14.23,25.545,157.775,25.335,34.275,224.13,55.895,5.225,2.55,72.095
7,20220222  09:30:00,4.235,165.715,43.48,10.015,10.15,33.26,67.78,78.325,12.45,4.18,447.225,161.99,217.55,6.175,7.8,65.385,5.7,36.79,4.48,1.775,39.2,21.245,16.405,8.995,28.07,10.405,14.905,14.245,69.215,12.88,59.135,136.3,117.07,23.395,20.01,0.675,20.42,4.085,125.085,6.575,304.135,1.505,52.675,1.325,9.31,59.755,114.5,54.29,32.125,8.805,124.335,63.0,107.83,648.355,7.14,7.455,9.85,13.03,26.895,106.045,16.33,81.745,2.55,5.475,5.13,1.68,0.9759,9.86,586.37,1834.055,30.81,41.765,13.81,3.34,7.385,53.88,141.74,51.2,20.565,5.105,60.79,7.315,0.465,1.62,12.775,14.235,25.79,152.405,25.365,31.435,224.3,55.015,5.36,2.41,71.395
8,20220222  10:00:00,4.225,164.665,43.025,10.005,10.225,33.145,67.285,78.67,12.68,4.345,444.15,161.515,216.62,6.075,7.745,65.045,5.68,36.81,4.54,1.67,38.87,20.82,17.475,8.635,27.755,10.345,14.905,14.265,68.555,12.895,58.995,135.365,116.695,23.215,20.02,0.68,20.17,4.105,123.76,6.605,304.935,1.505,51.895,1.265,9.775,59.8,113.91,54.135,31.6,8.725,122.75,61.835,105.795,640.605,7.1,7.435,9.675,12.915,27.03,104.34,15.85,81.425,2.62,5.46,5.155,1.665,0.9351,9.73,581.31,1818.03,30.3,41.295,13.645,3.315,7.315,54.105,142.855,51.61,20.775,5.08,60.805,7.325,0.465,1.615,12.79,14.195,25.52,153.605,25.21,31.58,225.72,55.055,5.345,2.505,70.595
9,20220222  11:00:00,4.12,164.685,43.0,10.005,10.225,33.13,66.445,76.33,12.675,4.345,438.95,161.905,216.3,6.08,7.795,65.325,5.44,36.615,4.51,1.72,38.675,20.405,17.82,8.73,27.45,10.235,14.635,14.025,68.09,12.87,58.585,133.85,115.13,23.015,19.83,0.6651,20.09,4.035,122.715,6.485,301.995,1.47,50.605,1.265,9.745,58.065,113.33,53.455,31.26,8.575,122.49,60.535,105.635,638.285,7.135,7.375,9.785,13.08,26.65,104.81,15.245,81.255,2.63,5.41,4.995,1.675,0.9145,9.455,580.72,1816.08,30.12,41.19,13.445,3.28,7.38,54.12,144.41,50.38,20.33,4.985,61.245,7.31,0.47,1.61,12.34,14.175,25.715,153.0,24.425,31.05,223.2,55.03,5.245,2.495,70.51
10,20220222  12:00:00,4.02,164.1,42.9,10.015,10.225,33.035,65.955,76.215,12.705,4.335,438.78,161.715,216.76,6.165,7.78,64.755,5.395,36.85,4.705,1.66,38.935,20.39,17.795,8.735,27.23,10.225,14.66,14.26,68.705,12.8,58.66,133.575,115.37,22.67,19.98,0.6851,19.975,4.075,121.815,6.475,301.515,1.47,50.195,1.245,9.8,58.705,112.37,52.92,31.36,8.585,121.375,60.065,105.66,634.26,7.12,7.345,9.775,13.11,26.73,103.75,15.0,81.295,2.62,5.325,4.915,1.685,0.9155,9.55,575.62,1801.035,30.115,40.76,13.45,3.32,7.31,54.59,143.785,51.07,20.505,4.96,60.865,7.325,0.47,1.65,12.415,14.17,25.405,152.11,24.84,31.235,224.07,54.92,5.255,2.475,70.655
11,20220222  13:00:00,4.025,162.935,42.625,10.015,10.225,32.855,64.85,75.43,12.605,4.325,436.305,159.895,216.745,6.15,7.705,63.82,5.375,36.53,4.655,1.665,39.15,20.33,17.775,8.685,27.03,10.115,14.77,14.005,68.365,12.78,58.59,132.295,114.81,22.48,20.535,0.6951,19.835,4.065,120.57,6.505,299.87,1.47,49.565,1.27,9.89,57.1,112.265,52.715,30.795,8.575,120.74,59.06,104.95,632.845,7.065,7.335,9.775,13.195,26.325,102.405,15.025,81.205,2.595,5.38,4.745,1.665,0.9001,9.535,572.665,1791.915,29.795,40.565,13.315,3.355,7.215,54.2,142.225,51.045,19.91,4.98,60.21,7.265,0.47,1.645,12.22,14.205,25.375,151.135,24.71,31.08,222.185,54.675,5.185,2.41,70.18
12,20220222  14:00:00,4.065,164.205,43.1,10.015,10.225,33.385,66.235,77.485,12.76,4.3,440.495,161.595,218.945,6.2,7.795,64.835,5.455,37.375,4.57,1.685,39.705,20.82,18.065,8.775,27.685,10.175,14.995,14.47,68.96,13.0,58.875,135.135,117.39,22.855,21.135,0.695,20.235,4.125,122.285,6.695,304.0,1.47,50.97,1.24,10.16,58.52,112.94,53.865,31.465,8.76,122.865,62.23,105.895,642.95,7.01,7.425,9.865,13.37,26.675,103.815,15.275,81.395,2.535,5.42,4.795,1.67,0.9274,9.71,582.185,1820.88,30.295,41.01,13.615,3.355,7.35,55.305,143.24,52.135,20.275,5.055,60.865,7.29,0.47,1.655,12.655,14.17,25.705,152.375,25.115,31.47,226.505,54.605,5.365,2.425,70.63
13,20220222  15:00:00,3.965,164.32,42.715,10.015,10.225,33.21,65.47,77.45,12.745,4.17,438.525,160.91,215.74,6.04,7.675,64.0,5.33,36.43,4.555,1.665,39.085,20.5,17.79,8.74,27.37,10.085,14.835,14.455,68.11,12.795,58.555,133.47,115.66,22.72,20.69,0.6951,19.98,4.045,121.82,6.675,303.15,1.465,50.135,1.23,10.015,57.395,111.93,52.89,31.315,8.585,121.86,60.815,104.925,639.905,6.995,7.345,9.885,13.195,26.405,102.725,14.9,81.225,2.535,5.38,4.715,1.68,0.9341,9.71,577.535,1807.06,29.88,40.855,13.395,3.31,7.23,54.88,144.095,50.76,20.145,5.0,60.38,7.215,0.47,1.66,12.335,14.24,25.555,151.59,24.515,31.035,222.755,54.26,5.345,2.415,69.775
14,20220223  09:30:00,4.005,164.525,42.975,10.02,10.225,33.055,67.545,79.64,12.855,4.095,444.2,162.55,217.525,5.925,7.69,65.01,5.365,36.14,4.715,1.7,39.31,20.73,18.63,8.705,27.975,10.52,14.82,14.51,68.9,12.83,59.175,134.555,116.045,22.855,20.56,0.7214,20.025,4.065,121.81,6.565,304.36,1.535,52.28,1.25,11.015,57.47,111.335,52.79,32.21,8.605,123.21,52.53,105.795,646.98,7.08,7.375,9.9,13.375,27.16,103.765,14.94,80.545,2.6,5.42,4.725,1.68,0.956,9.58,580.225,1815.3,30.155,41.19,13.55,3.25,7.26,55.275,144.13,49.77,20.035,5.095,60.485,7.125,0.4478,1.68,12.505,14.25,25.59,152.645,24.345,31.195,219.25,54.97,5.335,2.385,69.515
15,20220223  10:00:00,3.895,163.455,43.125,10.02,10.33,32.84,66.65,77.78,12.92,4.595,440.915,160.765,215.025,5.845,7.59,64.37,5.28,35.73,4.65,1.665,39.19,20.365,17.825,8.77,27.695,10.355,14.67,14.38,67.925,12.775,58.645,133.925,114.7,22.695,20.205,0.6925,19.845,3.935,120.66,6.475,301.825,1.475,51.79,1.225,10.935,56.07,110.54,51.42,31.985,8.475,121.925,49.625,105.46,640.575,7.0,7.335,9.665,13.35,26.845,102.14,14.66,80.935,2.545,5.155,4.745,1.625,0.9159,9.385,576.53,1804.09,29.65,40.825,13.305,3.29,7.085,54.785,143.625,49.58,19.74,5.075,60.285,7.06,0.4479,1.63,12.055,14.125,25.555,152.02,23.985,30.6,215.26,54.54,5.315,2.43,69.11
16,20220223  11:00:00,3.905,163.845,43.37,10.015,10.325,33.035,66.335,77.225,12.59,4.595,442.48,161.725,216.435,6.06,7.605,64.76,5.25,35.96,4.67,1.655,39.88,20.535,18.56,8.89,27.55,10.315,14.75,14.56,68.205,12.775,59.16,134.725,114.315,22.745,20.53,0.6737,19.9,4.025,122.025,6.455,303.74,1.435,51.605,1.22,10.95,57.035,111.37,52.32,32.31,8.575,121.725,49.66,105.685,641.9,6.99,7.375,9.62,13.54,27.125,102.235,15.17,80.985,2.525,5.16,4.765,1.615,0.9091,9.47,579.575,1813.375,29.69,40.92,12.97,3.235,7.075,55.045,144.085,48.62,19.645,5.09,60.105,7.085,0.4479,1.645,11.965,14.05,25.63,152.95,23.94,30.735,216.46,54.095,5.425,2.395,69.23
17,20220223  12:00:00,3.895,163.305,43.32,10.015,10.31,33.075,66.41,77.065,12.61,4.595,440.52,160.555,213.465,6.195,7.595,64.86,5.1,36.045,4.725,1.725,39.49,20.41,18.41,8.925,27.655,10.32,14.43,14.795,67.165,12.805,58.88,134.14,113.55,22.645,20.58,0.705,19.555,4.015,122.01,6.495,300.93,1.47,52.205,1.1,10.805,56.81,110.21,52.435,32.41,8.555,122.19,48.19,105.375,643.64,7.025,7.335,9.545,13.48,27.35,102.81,15.31,80.935,2.365,5.125,4.835,1.605,0.936,9.275,576.77,1805.095,29.64,41.045,12.995,3.345,7.065,54.99,144.07,48.51,19.46,5.115,59.84,7.11,0.4479,1.68,11.925,14.05,25.71,152.835,23.75,30.7,214.865,53.83,5.445,2.395,69.2
18,20220223  13:00:00,3.855,162.205,43.325,10.02,10.315,32.935,65.49,76.115,12.67,4.435,438.23,158.76,212.775,6.165,7.45,63.83,5.0,35.68,4.685,1.69,39.3,20.27,18.28,8.77,27.325,10.345,14.415,14.265,66.44,12.78,58.575,132.46,111.755,22.27,20.435,0.69,19.53,3.965,120.37,6.495,300.275,1.44,51.15,1.05,10.8,56.94,109.32,52.605,32.315,8.515,121.59,47.295,105.535,642.055,6.99,7.275,9.465,13.47,27.195,102.11,15.07,80.765,2.365,5.03,4.815,1.585,0.9113,9.09,571.3,1788.155,29.52,40.85,12.965,3.345,6.98,54.885,143.525,48.11,19.345,5.175,59.915,7.025,0.4479,1.67,11.755,14.005,25.76,151.885,23.835,30.43,212.62,53.29,5.31,2.395,68.945
19,20220223  14:00:00,3.855,160.955,43.175,10.02,10.26,32.765,64.86,76.045,12.505,4.265,434.49,158.035,211.655,6.145,7.565,63.94,5.02,35.41,4.625,1.69,39.35,20.04,18.59,8.565,27.095,10.305,14.43,14.125,66.485,12.815,58.76,130.145,110.58,22.05,19.85,0.69,19.35,3.915,118.39,6.405,298.705,1.44,50.95,1.0256,10.8,56.665,108.715,52.665,32.225,8.465,121.05,47.56,105.03,637.545,6.975,7.225,9.46,13.4,26.985,101.54,14.885,80.645,2.38,5.015,4.775,1.555,0.903,8.995,568.91,1779.03,29.34,40.54,12.88,3.335,6.945,54.89,143.555,47.785,19.255,5.17,59.88,6.955,0.4479,1.66,11.735,14.03,25.67,151.025,23.535,30.295,208.49,53.5,5.325,2.395,68.55
20,20220223  15:00:00,3.845,160.12,42.975,10.015,10.26,32.67,63.745,74.715,12.54,4.185,429.36,156.555,208.995,6.27,7.485,63.32,4.985,35.01,4.595,1.68,39.18,20.015,18.565,8.495,26.72,10.115,14.285,14.33,66.03,12.765,58.48,128.3,109.755,21.815,19.33,0.6951,19.205,3.875,118.18,6.385,296.795,1.46,50.23,0.94,10.785,56.285,107.4,51.83,32.025,8.505,120.255,46.795,104.37,631.79,6.97,7.185,9.46,13.44,26.73,100.51,14.55,80.735,2.39,4.97,4.625,1.56,0.8983,9.035,565.425,1770.22,28.795,40.255,12.805,3.25,6.855,53.74,143.58,46.48,18.68,5.195,59.32,6.935,0.45,1.675,11.715,14.055,25.595,149.91,22.995,30.16,206.37,53.14,5.165,2.41,68.035
21,20220224  09:30:00,3.68,156.49,42.795,10.015,10.155,32.85,61.91,74.62,12.555,4.33,438.915,154.335,206.695,6.08,7.38,61.69,4.9,35.265,4.545,1.6,39.405,20.3,19.17,8.34,25.955,10.065,13.61,14.195,65.62,12.555,58.8,122.965,109.66,21.475,19.795,0.6515,20.715,3.795,115.43,6.375,291.315,1.32,48.905,0.895,10.335,54.66,107.72,51.87,30.11,8.79,117.565,49.105,102.865,608.28,6.895,6.925,9.385,13.465,26.92,97.26,14.4,80.665,2.35,4.67,4.545,1.465,0.8426,9.135,555.44,1739.77,28.93,39.685,12.75,3.125,6.815,53.515,143.225,35.29,18.87,5.135,58.285,6.785,0.4184,1.57,11.6,13.685,25.015,144.205,23.295,29.81,209.855,53.33,5.16,2.37,67.75
22,20220224  10:00:00,3.825,156.915,42.215,10.015,10.155,32.845,63.08,77.315,12.74,4.345,447.41,153.77,209.9,6.115,7.385,61.17,5.085,35.63,4.665,1.635,40.28,20.785,20.51,8.33,26.87,9.995,13.815,14.2,66.835,12.62,59.065,128.905,110.82,21.755,20.225,0.632,20.34,3.885,117.02,6.4,304.79,1.32,50.0,0.897,10.68,54.93,108.78,53.795,29.415,9.195,117.69,50.245,102.84,617.015,6.895,6.975,9.475,13.54,27.28,98.675,14.81,80.375,2.36,4.905,4.635,1.5,0.8422,9.37,559.54,1752.825,28.815,39.355,12.825,3.135,6.855,54.585,142.12,34.165,19.175,5.125,57.86,6.765,0.4204,1.615,12.29,13.85,25.025,143.115,23.32,29.735,210.8,54.19,5.14,2.4,68.435
23,20220224  11:00:00,3.78,158.44,42.25,10.015,10.155,32.91,64.285,77.83,12.79,4.345,449.705,154.89,209.995,6.29,7.37,60.375,5.085,36.41,4.705,1.645,40.815,20.575,19.405,8.24,27.275,9.995,13.92,14.325,67.34,12.535,60.015,131.235,110.625,22.04,20.645,0.6276,20.47,3.965,118.22,6.425,310.94,1.345,50.76,0.829,10.695,55.02,109.215,55.015,29.595,9.455,119.2,50.9,103.68,624.795,6.895,7.015,9.575,13.68,26.285,99.795,14.94,80.455,2.355,5.01,4.765,1.575,0.859,9.45,562.145,1760.725,28.98,39.88,12.87,3.29,6.945,55.395,141.565,32.335,19.655,5.175,58.06,6.95,0.4204,1.62,12.405,13.57,24.97,143.44,23.6,30.13,215.62,54.275,5.245,2.42,68.855
24,20220224  12:00:00,3.84,157.17,42.355,10.015,10.225,32.71,63.885,77.34,12.515,4.345,449.06,153.385,208.095,6.285,7.36,58.765,5.245,35.9,4.825,1.64,40.325,20.25,18.865,8.105,27.13,9.795,13.58,14.325,67.03,12.52,59.99,129.2,109.11,21.985,20.38,0.6341,20.635,3.925,117.805,6.405,308.535,1.345,50.44,0.8706,10.595,54.5,108.865,54.81,29.48,9.265,118.385,50.0,103.885,619.95,6.895,6.985,9.59,13.56,26.065,99.585,14.86,80.145,2.36,5.035,4.71,1.615,0.8573,9.275,559.54,1752.79,29.235,40.1,12.85,3.23,6.925,54.595,140.52,32.34,19.495,5.095,57.9,6.95,0.4204,1.635,12.37,13.665,24.895,143.945,23.07,30.12,211.525,53.415,5.095,2.415,68.345
25,20220224  13:00:00,3.94,158.835,42.59,10.015,10.225,32.815,65.15,77.93,12.69,4.3,454.25,155.71,210.05,6.32,7.47,59.09,5.425,36.665,4.87,1.675,40.925,20.695,19.11,8.245,27.575,9.855,14.41,14.325,67.93,12.52,60.315,131.355,112.095,22.355,20.36,0.644,21.06,4.025,118.15,6.5,310.95,1.35,51.065,0.8975,10.86,54.705,110.655,55.775,29.845,9.425,118.73,50.715,104.64,629.045,6.905,7.055,9.645,13.66,26.325,100.015,15.365,80.475,2.385,4.82,4.945,1.59,0.8663,9.45,564.43,1767.735,30.065,40.12,13.105,3.185,7.045,55.555,141.365,31.6,19.725,5.185,58.635,7.08,0.4204,1.625,12.995,13.675,24.955,145.56,23.47,30.56,216.93,54.435,5.285,2.42,69.215
26,20220224  14:00:00,3.97,160.49,42.92,10.015,10.225,33.195,66.33,78.875,13.19,4.46,459.695,157.85,214.265,6.6,7.505,60.86,5.395,37.61,4.97,1.665,41.345,21.125,19.07,8.235,27.755,10.085,15.025,14.32,68.29,12.59,60.805,133.155,114.29,22.845,20.78,0.6514,21.185,4.085,119.225,6.595,312.23,1.555,52.425,0.909,11.14,55.81,111.775,56.84,30.225,9.615,120.255,52.645,105.78,643.16,7.135,7.135,9.645,13.85,27.045,101.435,15.53,80.555,2.385,5.09,5.025,1.635,0.96,9.655,572.665,1792.625,30.21,40.465,13.14,3.255,7.045,56.56,142.07,31.99,19.965,5.685,59.12,7.08,0.4229,1.625,13.265,13.77,25.155,148.41,24.505,31.32,221.125,54.615,6.045,2.42,70.195
27,20220224  15:00:00,4.055,162.715,43.475,10.015,10.225,33.58,67.795,80.4,13.315,4.575,464.01,159.735,217.965,6.83,7.605,61.255,5.25,38.695,4.92,1.655,42.005,21.625,19.28,7.965,28.53,10.135,15.285,14.275,69.175,12.74,61.725,137.53,116.605,23.28,21.62,0.6408,21.325,4.175,120.885,6.745,316.41,1.36,53.76,0.913,11.345,57.06,112.73,58.655,30.455,9.755,120.765,54.345,107.41,656.415,6.92,7.245,9.695,14.055,27.17,103.41,16.155,80.995,2.37,5.215,5.195,1.65,0.9876,9.825,579.985,1815.67,30.925,40.89,13.465,3.515,7.265,57.545,143.475,31.5,20.11,5.48,59.565,7.125,0.435,1.675,13.56,13.875,25.375,151.19,24.93,32.145,227.545,55.37,5.955,2.42,70.45
28,20220225  09:30:00,3.68,161.255,43.56,10.025,10.145,33.745,67.145,79.345,13.3,4.595,456.75,158.69,214.04,6.6,7.66,62.295,5.315,37.875,5.0,1.65,41.685,21.02,18.445,8.775,27.925,10.025,15.145,13.605,65.805,12.755,61.3,134.87,117.16,22.99,20.99,0.6601,21.485,3.985,120.175,6.49,312.475,1.345,52.19,0.969,10.765,54.98,110.6,56.535,30.565,9.72,120.305,51.86,107.775,652.185,7.07,7.135,9.84,13.8,28.55,102.525,15.705,80.715,2.45,5.15,5.105,1.655,0.9339,9.71,577.215,1806.495,30.55,40.83,13.14,3.3,7.19,57.53,145.735,31.235,19.805,5.69,59.185,7.21,0.42,1.71,13.765,13.755,25.345,149.39,23.885,30.53,223.435,55.57,5.655,2.395,69.785
29,20220225  10:00:00,3.505,163.165,43.89,10.025,10.145,34.135,68.305,82.14,13.28,4.24,463.845,160.545,217.045,6.76,7.7,63.24,5.27,38.35,5.13,1.64,41.73,20.985,17.65,8.875,28.36,10.045,16.095,14.635,66.12,12.8,63.145,135.35,120.09,23.395,21.46,0.6548,21.35,4.025,122.685,6.405,319.475,1.35,53.09,0.903,11.055,56.355,110.0,57.035,30.77,10.06,121.665,52.99,108.86,658.465,7.015,7.225,10.115,14.085,29.165,103.94,15.955,81.105,2.385,5.21,5.24,1.65,0.9527,9.91,585.01,1830.425,30.8,41.605,13.315,3.335,7.22,59.065,146.595,31.365,20.205,5.945,60.32,7.225,0.45,1.715,13.62,13.8,25.675,150.33,24.555,30.86,228.52,56.06,5.865,2.39,70.265
30,20220225  11:00:00,3.515,164.575,44.1,10.025,10.145,34.4,68.58,82.265,13.25,4.315,468.215,161.35,218.145,6.8,7.77,64.105,5.285,39.07,4.99,1.63,41.405,21.255,17.34,9.175,28.22,10.015,16.075,14.905,65.11,12.815,64.285,136.815,120.615,23.455,21.46,0.6548,21.47,4.065,123.44,6.495,321.865,1.35,53.69,0.9248,10.99,56.97,111.445,57.98,31.36,10.055,122.46,53.925,109.46,663.2,7.03,7.265,10.195,14.145,29.29,105.265,16.075,81.365,2.415,5.07,5.285,1.645,0.9659,10.01,587.42,1837.775,31.205,41.83,13.45,3.37,7.185,59.245,146.885,31.195,20.465,5.8,60.325,7.23,0.45,1.725,13.765,14.555,25.81,151.92,24.895,31.045,233.37,56.685,6.16,2.395,70.85
31,20220225  12:00:00,3.42,164.08,44.32,10.025,10.145,34.385,69.03,81.735,13.31,4.35,462.485,161.215,216.04,6.81,7.8,63.085,5.29,38.295,4.975,1.63,41.16,21.165,17.445,9.285,28.07,10.075,15.515,15.02,65.66,12.87,64.42,136.91,119.49,23.34,21.075,0.6548,21.735,4.015,123.035,6.625,321.05,1.35,52.93,0.8701,11.125,56.55,110.305,57.47,31.855,9.945,123.245,53.66,109.065,660.99,7.025,7.255,9.98,14.07,29.175,105.255,15.8,81.275,2.425,5.065,5.225,1.7,0.9664,9.495,584.55,1829.71,30.93,42.075,13.43,3.35,7.165,59.19,147.725,30.545,20.015,5.755,60.56,7.32,0.4351,1.73,13.605,14.31,25.945,151.65,24.575,30.805,227.545,56.34,5.8,2.38,70.6
32,20220225  13:00:00,3.455,164.555,44.58,10.025,10.145,34.465,69.06,81.705,13.11,4.345,464.36,161.11,218.82,6.84,7.72,62.88,5.3,38.485,4.995,1.67,41.07,21.385,17.215,9.325,28.255,10.105,15.51,15.125,65.45,12.89,63.27,136.61,119.825,23.385,21.15,0.671,21.605,4.075,122.98,6.725,322.675,1.355,53.25,0.872,11.17,57.07,110.505,57.715,31.615,10.025,123.495,52.585,110.3,660.37,7.085,7.255,10.075,14.125,29.7,105.935,15.86,81.405,2.445,4.965,5.315,1.66,0.945,9.49,583.965,1827.36,31.085,42.2,13.5,3.395,7.2,60.245,147.97,30.755,20.025,5.735,60.89,7.4,0.45,1.74,13.75,14.35,26.025,152.41,24.755,30.995,226.61,56.335,5.875,2.37,70.785
33,20220225  14:00:00,3.425,164.425,44.51,10.025,10.27,33.99,68.615,80.525,12.93,4.35,463.67,160.835,218.475,6.825,7.67,63.105,5.315,38.275,5.065,1.68,41.02,21.315,16.74,9.185,28.195,10.185,15.395,14.95,65.065,12.92,63.905,136.32,120.03,23.26,21.08,0.6655,21.72,4.095,122.445,6.805,322.925,1.35,52.96,0.8786,11.2,57.23,110.555,57.76,31.335,10.095,123.045,52.88,110.28,661.73,7.045,7.265,10.15,14.055,29.815,105.435,15.795,81.235,2.45,4.955,5.33,1.64,1.015,9.315,584.325,1828.055,31.145,42.055,13.425,3.365,7.195,60.815,147.29,30.43,20.2,5.77,60.805,7.35,0.45,1.745,13.73,14.255,25.96,153.085,24.745,30.835,227.34,56.02,5.795,2.265,70.665
34,20220225  15:00:00,3.445,164.855,44.56,10.025,10.27,34.305,69.395,81.925,13.06,4.355,465.465,162.085,219.56,7.03,7.75,62.8,5.33,39.175,5.0,1.64,41.2,21.625,16.96,9.26,28.465,10.245,15.595,14.715,65.18,12.82,64.875,139.33,121.06,23.41,21.22,0.6655,21.995,4.14,123.47,6.93,324.355,1.345,53.445,0.884,11.265,57.295,112.845,58.755,31.595,10.225,123.46,54.11,111.275,666.845,6.99,7.305,10.455,14.155,30.215,105.955,16.175,81.42,2.475,4.96,5.32,1.625,1.075,9.575,588.18,1839.61,31.78,42.19,13.735,3.32,7.335,61.255,148.49,30.3,20.285,6.06,60.94,7.38,0.45,1.78,13.665,14.265,25.975,153.115,25.315,31.445,229.565,56.475,5.825,2.39,72.16
